<?xml version="1.0" encoding="UTF-8"?>
<project-private xmlns="http://www.netbeans.org/ns/project-private/1">
    <editor-bookmarks xmlns="http://www.netbeans.org/ns/editor-bookmarks/2" lastBookmarkId="0"/>
    <open-files xmlns="http://www.netbeans.org/ns/projectui-open-files/2">
        <group>
            <file>file:/C:/Users/Gustavo/Desktop/PACMAN_PI3-master/PACMAN/src/Objetos/Player.java</file>
            <file>file:/C:/Users/Gustavo/Desktop/PACMAN_PI3-master/PACMAN/src/Objetos/Objetos.java</file>
            <file>file:/C:/Users/Gustavo/Desktop/PACMAN_PI3-master/PACMAN/src/Pacman/Jogo.java</file>
            <file>file:/C:/Users/Gustavo/Desktop/PACMAN_PI3-master/PACMAN/src/Mapa/Mapa.java</file>
        </group>
    </open-files>
</project-private>
